timestamp,temperature,pressure,vibration
2024-01-01 00:00:00,25.993428306022466,1012.308678494144,10.647688538100692
2024-01-01 00:05:00,28.04605971281605,1011.8292331263833,9.76586304305082
2024-01-01 00:10:00,28.158425631014783,1016.8371736457646,9.530525614065049
2024-01-01 00:15:00,26.08512008717193,1010.6829115359377,29.53427024642974
2024-01-01 00:20:00,25.044443653223965,1010.8610354319833,9.468182589781772
2024-01-01 00:25:00,24.7650489964573,1014.1103945078237,9.232023498056924
2024-01-01 00:30:00,25.28492920477331,1012.826739078862,11.134339265502543
2024-01-01 00:35:00,24.790508903391135,1010.37438574435,11.912771271359206
2024-01-01 00:40:00,35.94656076853981,1018.5971180578092,10.779192634515004
2024-01-01 00:45:00,22.797804487300333,1010.3317559807875,29.99447213767987
2024-01-01 00:50:00,22.613683541021814,1010.9547404913803,9.553258529026854
2024-01-01 00:55:00,28.048483265710413,1014.6149989863915,8.606583059127296
2024-01-01 01:00:00,20.64333150635258,1007.7805179588258,10.172693706525513
2024-01-01 01:05:00,25.648397535105463,1016.7292977091272,8.163416760682448
2024-01-01 01:10:00,26.12892847711027,1013.1275033404067,10.473193249460023
2024-01-01 01:15:00,26.31838119685797,1024.7037316705153,11.070985187017369
2024-01-01 01:20:00,25.192832958060517,1015.0955105279883,9.046972210783498
2024-01-01 01:25:00,22.904258794836373,1003.6216161389674,8.633217861113703
2024-01-01 01:30:00,26.27261021669034,1008.4663966571004,10.476042587426972
2024-01-01 01:35:00,27.607322536797167,1014.0579350616301,10.597044646179075
2024-01-01 01:40:00,23.207329633741395,1012.4400608974653,11.468941285432393
2024-01-01 01:45:00,22.752203330919926,1017.7500269775359,11.726516468575364
2024-01-01 01:50:00,25.91577015400003,1004.5785631081706,10.326845223970015
2024-01-01 01:55:00,24.837762091682624,1015.3389737663158,10.736122350669257
2024-01-01 02:00:00,23.440596238680243,1008.7805181982803,24.849466141740216
2024-01-01 02:05:00,23.068884656210052,1013.4352353411908,9.700992649534133
2024-01-01 02:10:00,25.183521553071003,953.0621554269956,9.780328112162488
2024-01-01 02:15:00,25.714225143023494,1005.9070176849223,10.190336984965167
2024-01-01 02:20:00,25.271507658952974,1016.0404483100048,10.704981311332721
2024-01-01 02:25:00,25.72184675518227,1005.6651605741024,10.892629471506162
2024-01-01 02:30:00,24.78948573199764,1008.2232677764115,9.585235365594533
2024-01-01 02:35:00,22.202518236788286,1011.2795972934434,10.750785885589421
2024-01-01 02:40:00,24.344749633443996,1008.6920097287583,9.74181520146366
2024-01-01 02:45:00,25.921911230840585,1006.2530501338349,8.98092721463193
2024-01-01 02:50:00,25.254024478743595,1006.7527813860004,11.945115614486786
2024-01-01 02:55:00,24.69332708496772,1008.4650638729756,9.18264584487717
2024-01-01 03:00:00,24.033754642497414,1010.1508582580079,7.908400330312736
2024-01-01 03:05:00,27.527481061532775,1012.9225832999412,9.972623554414842
2024-01-01 03:10:00,26.63574702443313,1007.7269776526658,9.241672879481758
2024-01-01 03:15:00,25.914831297438287,1012.6781097459951,10.34490233504473
2024-01-01 03:20:00,24.83982532929502,1011.7930993417789,11.43351548728992
2024-01-01 03:25:00,27.131587417098608,1000.5062042918064,11.480328561172163
2024-01-01 03:30:00,29.317457046726208,1019.1588918835805,9.785675516743806
2024-01-01 03:35:00,23.62161157907151,1016.6391655708294,9.38093063964504
2024-01-01 03:40:00,25.71231966077876,1012.8905956283062,11.21805043775651
2024-01-01 03:45:00,24.221083951393037,1010.7859882754718,10.378226614740852
2024-01-01 03:50:00,28.86767960185624,1063.4048540297229,9.583543636448624
2024-01-01 03:55:00,26.715006503176227,1013.0457217287006,9.634460703167457
2024-01-01 04:00:00,26.298173465258213,1006.8856323166235,10.536336032382065
2024-01-01 04:05:00,23.170618137477444,1016.1027410798087,9.839062623136936
2024-01-01 04:10:00,24.22347120204677,1008.5724381308557,9.643254974231805
2024-01-01 04:15:00,26.11224359706793,1018.2193030545933,10.526448161334695
2024-01-01 04:20:00,27.72777304883421,1025.6958135813466,9.675509042171107
2024-01-01 04:25:00,24.58826656580899,1005.799792761581,11.19072725611364
2024-01-01 04:30:00,27.598793628528973,1008.6642692197522,10.617640845511145
2024-01-01 04:35:00,27.43414159396022,1014.1314413474944,10.847401432576639
2024-01-01 04:40:00,25.34966602398294,1006.9157255382038,11.049347392320865
2024-01-01 04:45:00,27.6502113230284,1016.6725053244003,24.04550273803858
2024-01-01 04:50:00,22.33985186897043,1012.8735618721444,11.34316821229678
2024-01-01 04:55:00,23.530904700104948,1008.2005268394305,11.10492821845015
2024-01-01 05:00:00,41.268480592528576,1028.3054760718912,8.681429839241888
2024-01-01 05:05:00,26.440774484076393,1012.6144914529294,10.341151974816643
2024-01-01 05:10:00,25.55338159866004,1017.1359162451802,10.013001891877908
2024-01-01 05:15:00,27.907068154314633,1011.6767158338102,12.720169166589619
2024-01-01 05:20:00,26.251334695530012,1008.7142122179185,8.929107501938887
2024-01-01 05:25:00,25.96494483048637,1011.8826860733708,10.714000494092092
2024-01-01 05:30:00,25.94647524914709,1012.6358554367156,9.153206281931595
2024-01-01 05:35:00,21.97030555062827,1060.767425239665,10.856398794323471
2024-01-01 05:40:00,22.317193004107672,1004.8915268952826,8.852280027175
2024-01-01 05:45:00,27.779205656293183,1008.723797405601,8.972938241064403
2024-01-01 05:50:00,26.76567532101878,960.7534780695211,10.418639469172602
2024-01-01 05:55:00,23.543641501273335,1017.5256097997828,9.396095627515471
2024-01-01 06:00:00,25.608898239741706,1014.2860374549006,10.023931814465836
2024-01-01 06:05:00,26.743827977624786,970.1867816416676,10.007306372740633
2024-01-01 06:10:00,24.669380770892875,1009.5641241233375,10.06835125110383
2024-01-01 06:15:00,9.181182338856885,1022.447738280633,9.324195265778604
2024-01-01 06:20:00,29.629317133347016,1003.6636740370412,10.686260190374513
2024-01-01 06:25:00,21.774568257620697,1010.6403406710529,11.088950596967367
2024-01-01 06:30:00,25.128560038190926,1007.6112761103535,9.284696290740031
2024-01-01 06:35:00,26.35919549786935,1009.3481668414144,10.216458589581976
2024-01-01 06:40:00,25.091143679807626,1059.7419982619708,12.143944089325325
2024-01-01 06:45:00,26.267838044636022,1006.4604285016532,8.009400450422635
2024-01-01 06:50:00,23.284902228677797,1017.2000268831122,11.781291077026367
2024-01-01 06:55:00,23.645168664570487,1005.2558566008795,9.656870935895903
2024-01-01 07:00:00,10.367711028819116,1015.8894856754941,12.134641248007409
2024-01-01 07:05:00,25.453697643961572,1006.3658411693206,11.843715797751846
2024-01-01 07:10:00,23.53851719354069,1006.6004013336843,9.762608038793331
2024-01-01 07:15:00,28.744011360944608,1012.9027892955022,9.067408343438919
2024-01-01 07:20:00,22.41011505104028,1012.474407476268,8.00503842844235
2024-01-01 07:25:00,22.39961431681312,1020.7153382592954,11.323263807151237
2024-01-01 07:30:00,24.743175706920585,1010.6716761437273,10.058508902306844
2024-01-01 07:35:00,29.695993856900646,1015.0248775438527,10.909738174959816
2024-01-01 07:40:00,24.595084948336897,1013.3044830355858,10.647162696787044
2024-01-01 07:45:00,25.25218965564806,1003.5131150875567,11.280540761677464
2024-01-01 07:50:00,23.76973264445734,1023.5565882080813,10.686848512765971
2024-01-01 07:55:00,25.141944831279492,1015.1966357005172,9.891502111436488
2024-01-01 08:00:00,39.02713446789528,1014.0379913064286,10.884990467186665
2024-01-01 08:05:00,24.070940502710066,1006.8088457442583,9.175348672348928
2024-01-01 08:10:00,28.902560171471507,1012.7995743131349,10.529435511653803
2024-01-01 08:15:00,24.63221652454396,1012.549606834099,9.494119946765705
2024-01-01 08:20:00,25.101487917710532,1015.4729994594086,11.678305509822895
2024-01-01 08:25:00,36.25106225028098,1021.0541015469626,10.527960427026473
2024-01-01 08:30:00,27.55532979157685,1010.0421430558208,10.547097381170039
2024-01-01 08:35:00,24.595614695132213,1011.9115939838639,11.09877685198719
2024-01-01 08:40:00,41.65083269797606,1017.0675481800032,11.30547880715433
2024-01-01 08:45:00,25.042007683265517,1010.0517357165642,9.701698776836292
2024-01-01 08:50:00,24.177418818680373,1017.9201177228155,10.10356808444235
2024-01-01 08:55:00,25.53527202832625,1006.2884358674501,6.635904473536689
2024-01-01 09:00:00,27.247083563383033,973.7160259405695,9.657411131769354
2024-01-01 09:05:00,25.49862908324391,1009.5042671095404,9.991182953754192
2024-01-01 09:10:00,20.81996450273944,1021.8521575828336,9.690907490803077
2024-01-01 09:15:00,11.607626102752516,1016.0692067073771,11.357880788099989
2024-01-01 09:20:00,24.48316452836513,1018.917411600705,9.494557726208136
2024-01-01 09:25:00,22.286429031162875,1005.0917303719273,10.079009014244056
2024-01-01 09:30:00,27.121384926360605,1014.1874262581097,9.682631214729357
2024-01-01 09:35:00,25.916882593123958,1013.9310617194732,10.826190473654266
2024-01-01 09:40:00,27.653007774873547,1008.228049357135,7.660403436356601
2024-01-01 09:45:00,24.2969264027591,1007.9032926637997,10.83195818657451
2024-01-01 09:50:00,23.5513324093058,1003.6211068071802,9.42579855119232
2024-01-01 09:55:00,22.0160513490823,1020.9507885950543,10.471641954448069
2024-01-01 10:00:00,26.295116218027427,1015.6801326745243,10.840171159278425
2024-01-01 10:05:00,42.266684050138146,1010.301273203377,8.58003836700831
2024-01-01 10:10:00,26.380287983422225,1010.9938976405708,10.224092481810416
2024-01-01 10:15:00,25.02518480156359,1013.4883804927441,9.226990216144534
2024-01-01 10:20:00,25.049020348517885,1015.4899914562272,11.451143607795041
2024-01-01 10:25:00,26.918541652170415,1023.7659122875577,9.23265243711195
2024-01-01 10:30:00,26.744641273441356,1013.9167100286918,12.189802933217672
2024-01-01 10:35:00,23.383403429289697,1058.801390789096,9.400607354555978
2024-01-01 10:40:00,22.295098890180007,1010.2078981528362,9.201764781968468
2024-01-01 10:45:00,22.324310352383243,1011.383136004984,8.339882579443668
2024-01-01 10:50:00,28.455495254868516,1005.5369931779215,9.35370050069925
2024-01-01 10:55:00,24.19289008630618,1021.4234248230281,8.269684689575822
2024-01-01 11:00:00,25.284100183835136,1018.1857923247231,9.690256896517395
2024-01-01 11:05:00,7.660365935657982,1012.4600751782347,11.527101259892477
2024-01-01 11:10:00,25.590955048846368,1007.5132706571667,10.340922198558953
2024-01-01 11:15:00,24.827172986336773,1014.378175789437,10.27872303497066
2024-01-01 11:20:00,20.095470797368534,1008.4935309066767,9.891371335911144
2024-01-01 11:25:00,9.889030083404652,1014.2969465449985,10.302348290331643
2024-01-01 11:30:00,25.63907515773743,1013.9663903092469,11.596142943901633
2024-01-01 11:35:00,26.202107888423072,1009.7786240991603,11.355970385308192
2024-01-01 11:40:00,23.520762461141295,1009.7537636083315,9.151479300612086
2024-01-01 11:45:00,23.12750994344409,1014.6658664741991,9.742097835456457
2024-01-01 11:50:00,18.043661572726887,1011.6586846902525,9.482087744194367
2024-01-01 11:55:00,26.78565072859771,1010.1837069426982,12.539257791210893
2024-01-01 12:00:00,27.793587157540486,1011.050448044951,11.149623078833082
2024-01-01 12:05:00,26.050423425381894,1014.1673289824012,10.80265225560743
2024-01-01 12:10:00,25.10814174852097,1014.2017557803874,10.823352516278966
2024-01-01 12:15:00,29.10490548349098,1014.2559748610984,9.546203335027844
2024-01-01 12:20:00,20.941538289812023,1022.8065173598181,9.73675828742804
2024-01-01 12:25:00,26.069618580162533,1022.5295361846349,10.227602320930492
2024-01-01 12:30:00,24.61065947624504,1020.0983648877187,10.460737067563919
2024-01-01 12:35:00,26.1722112094468,1005.3841956476411,11.205915207242585
2024-01-01 12:40:00,25.75117613598329,956.1420531013844,10.485094111613275
2024-01-01 12:45:00,35.8749486521765,1064.8329912304844,9.060120213672645
2024-01-01 12:50:00,26.494736063223602,1011.5465384598448,12.055092608621472
2024-01-01 12:55:00,24.361279984932683,1010.7665826465467,9.524328652031398
2024-01-01 13:00:00,23.369001853423022,1010.2048725338307,8.565911130767477
2024-01-01 13:05:00,24.616934352173413,1013.2873700151215,7.7171975099592025
2024-01-01 13:10:00,24.796100975040286,1013.2106704087097,10.51458899069054
2024-01-01 13:15:00,27.409270145151652,1017.2567713230026,9.379636277464448
2024-01-01 13:20:00,23.527175655484708,1015.8975220077492,9.452720163662478
2024-01-01 13:25:00,22.543891961752752,1024.870708717003,9.689275735382806
2024-01-01 13:30:00,23.746951634622913,1002.0393497187902,10.851402092378828
2024-01-01 13:35:00,23.02412830840692,1013.1431027978391,10.968623156304421
2024-01-01 13:40:00,23.055462904551856,1013.3974122590877,11.523787410193808
2024-01-01 13:45:00,20.08650588627304,1008.947470765104,9.095458116212928
2024-01-01 13:50:00,24.62618975487918,1012.7610456131323,8.93873736705341
2024-01-01 13:55:00,23.69125330777397,1009.1338751477359,9.64921075482713
2024-01-01 14:00:00,25.436445465062192,1017.5528206118554,11.055330996546415
2024-01-01 14:05:00,26.307268522670647,1008.6301294025745,9.996704079672647
2024-01-01 14:10:00,29.74865880698478,1018.0726634634365,9.559495441126476
2024-01-01 14:15:00,28.16407636592756,1011.0596540510129,9.331598031696732
2024-01-01 14:20:00,27.79146387185713,1006.4517535499405,8.086222419731644
2024-01-01 14:25:00,11.882569156120951,963.1384546580811,10.127365478537156
2024-01-01 14:30:00,23.698714861756347,1010.5643730811765,9.40760607576113
2024-01-01 14:35:00,23.272018460640368,1013.2426081397241,9.169049883588961
2024-01-01 14:40:00,25.540913651559677,1012.7488094527544,9.76105195313359
2024-01-01 14:45:00,23.184872675916804,1010.1161433471583,10.755391225825756
2024-01-01 14:50:00,26.001834375248762,1008.1122237760072,10.099332305429225
2024-01-01 14:55:00,26.502774246743577,1004.6529735943932,10.543360192379936
2024-01-01 15:00:00,23.674752482108307,1015.8529933429658,9.236740843457483
2024-01-01 15:05:00,6.390235798670961,954.8622878105842,10.048084946661382
2024-01-01 15:10:00,21.951418933660015,1016.9886815728931,8.860858271410118
2024-01-01 15:15:00,25.535485331406523,1026.9188871174454,8.388994390044779
2024-01-01 15:20:00,24.7028971899859,1010.9626993118237,9.398031321103616
2024-01-01 15:25:00,26.520502189270722,1018.5316455241422,10.771638149301337
2024-01-01 15:30:00,23.55332183509753,1025.1692403920122,8.229756811658108
2024-01-01 15:35:00,22.93474186193141,1013.8486464219519,10.08939391914565
2024-01-01 15:40:00,25.9760881587575,1020.900670475376,9.880149080634402
2024-01-01 15:45:00,40.22745892042596,1010.0274197363788,10.588328518460642
2024-01-01 15:50:00,24.115135250177406,1015.293550857795,30.65339973791489
2024-01-01 15:55:00,22.417751222102588,1017.3556235171585,24.67397646783216
2024-01-01 16:00:00,23.99842723516481,1022.5350945095528,25.55253315234744
2024-01-01 16:05:00,25.591100901958306,1018.2579652033584,9.15645503775453
2024-01-01 16:10:00,21.839496126512945,1013.0802670932196,9.760821333969831
2024-01-01 16:15:00,26.646209951490015,1017.4620540990761,10.095620445889393
2024-01-01 16:20:00,23.23036811616403,1014.4347063061215,10.165194380120576
2024-01-01 16:25:00,26.137873348939284,1008.6259664312765,9.599627126832447
2024-01-01 16:30:00,26.01875623267221,1019.2366352761586,10.96592200795959
2024-01-01 16:35:00,25.164109742305595,960.5630248803942,10.403820558679305
2024-01-01 16:40:00,26.940155555827452,1016.6038652457029,9.647875279696326
2024-01-01 16:45:00,24.149357531676312,1012.7412050764735,31.840943069937207
2024-01-01 16:50:00,27.0750798885158,1010.4499180057263,9.730125064706629
2024-01-01 16:55:00,23.042472568435386,1010.7785336996194,10.377300493044853
2024-01-01 17:00:00,26.513977233290703,1008.3891733791119,10.869605920105661
2024-01-01 17:05:00,27.7112757176099,1015.0671745161185,11.876795812558067
2024-01-01 17:10:00,23.452421601792853,1006.7767264834429,8.221279751095722
2024-01-01 17:15:00,27.992088622978365,1016.2718282817702,9.944415329089544
2024-01-01 17:20:00,25.559937252639642,1007.3725547635081,12.445751979616826
2024-01-01 17:25:00,25.258442363950454,1013.5469739730245,10.725766623898693
2024-01-01 17:30:00,25.962018463473427,1014.1194201213957,9.209525544554689
2024-01-01 17:35:00,25.94293671427199,1072.4101224823753,11.345420046154977
2024-01-01 17:40:00,24.341452585888366,1010.6485927663527,9.597548891373162
2024-01-01 17:45:00,24.141723929864817,1010.6328690364975,10.951883018028553
2024-01-01 17:50:00,22.890726222267816,1009.3526294884808,8.416593278960487
2024-01-01 17:55:00,27.8309656050217,1009.0174852067121,10.660775231722141
2024-01-01 18:00:00,25.950637720424613,1019.5941931054539,9.789983301624906
2024-01-01 18:05:00,23.104920425428176,1005.2212501206419,7.2153643552179
2024-01-01 18:10:00,25.322706451757806,1016.8773628624446,10.47168810519784
2024-01-01 18:15:00,21.940471393654384,1018.1941307255596,9.301783971684648
2024-01-01 18:20:00,23.18619301171649,1009.3968388234841,10.078408922506076
2024-01-01 18:25:00,22.030596856965857,1012.8148204314044,10.42944824538367
2024-01-01 18:30:00,27.21464779248723,1013.8797832861062,8.660371501806209
2024-01-01 18:35:00,25.297780455304448,1007.6987086302694,8.88205484363305
2024-01-01 18:40:00,22.274592792920043,1003.4437316005299,9.432836832064606
2024-01-01 18:45:00,27.257777486093815,1024.2824200771377,9.426414841659906
2024-01-01 18:50:00,27.17221105353931,1011.027088408817,8.349264280551438
2024-01-01 18:55:00,26.401884522892153,1014.1740704339778,11.818019607961116
2024-01-01 19:00:00,21.93064303603449,1026.9801635416763,11.591717323188156
2024-01-01 19:05:00,24.964152852876293,961.5068110410074,9.284190131131382
2024-01-01 19:10:00,24.700244066475076,1015.6388238046583,30.833223877620743
2024-01-01 19:15:00,22.34692196778048,1019.1110167310397,7.825676435913353
2024-01-01 19:20:00,23.458955578331793,1009.8798535317973,12.571372359688784
2024-01-01 19:25:00,25.29801073380065,1017.0628029818154,8.119308230725489
2024-01-01 19:30:00,25.286430904995044,1017.8914649105812,10.861965085060156
2024-01-01 19:35:00,26.246798877832703,1013.0650025324757,10.06156862062545
2024-01-01 19:40:00,21.61346765058042,1008.4973355740643,10.230943956388163
2024-01-01 19:45:00,23.568048386147588,1016.4441912351639,10.466782550264863
2024-01-01 19:50:00,12.734740509443988,1017.7912691307629,10.227261409134568
2024-01-01 19:55:00,26.49596086812383,1009.4782815472862,8.59153870363644
2024-01-01 20:00:00,21.886741652952193,1016.0300497567282,8.719570647503717
2024-01-01 20:05:00,43.50958836396873,1002.5903529605814,11.696456368290038
2024-01-01 20:10:00,24.289935344706553,1014.2873661729133,10.28447258916954
2024-01-01 20:15:00,25.077103030701785,1006.3285599222202,29.87855336051566
2024-01-01 20:20:00,29.310479076866145,1016.3612864220688,9.377145496898716
2024-01-01 20:25:00,24.163713931981455,1006.5577631012134,10.100817422254051
2024-01-01 20:30:00,21.740814028047346,1065.7593182765477,12.005574045639953
2024-01-01 20:35:00,26.4351831595861,1010.1931657045217,10.314203732950451
2024-01-01 20:40:00,24.151568869576426,1009.768953190885,10.911376195804564
2024-01-01 20:45:00,23.16690835044912,1016.5581132523541,8.667255529211715
2024-01-01 20:50:00,30.521523871452366,1011.9215723654937,9.676734710703943
2024-01-01 20:55:00,27.28613180577984,1010.9064757959677,11.454927808325667
2024-01-01 21:00:00,25.743187660973053,1012.4080104972688,9.774994096629625
2024-01-01 21:05:00,27.415184340860524,1014.1524360730175,10.432308731190771
2024-01-01 21:10:00,26.082003745207256,1013.6646809261134,10.519872226349984
2024-01-01 21:15:00,24.76335315463802,1012.7509568408672,8.880885071973292
2024-01-01 21:20:00,25.595520501836795,1004.402294966439,10.283558070610914
2024-01-01 21:25:00,24.438767967670373,1014.8729255472549,8.951171665918324
2024-01-01 21:30:00,20.761285263922716,1011.2456734651323,8.954087331142901
2024-01-01 21:35:00,21.438886633579035,1016.8399163484728,11.60123822714204
2024-01-01 21:40:00,8.406097128450899,1012.6211458638927,9.692214383320188
2024-01-01 21:45:00,8.682203156047596,1012.6278328544997,10.620672097550678
2024-01-01 21:50:00,41.38324136190174,1019.4307422755322,10.804803178733806
2024-01-01 21:55:00,26.860506691907084,1010.7312784573178,10.632941633793465
2024-01-01 22:00:00,21.946896276604505,1012.7104754633111,10.81848473463854
2024-01-01 22:05:00,25.267695308492,1015.2331986575854,9.786727624034208
2024-01-01 22:10:00,27.258138875070287,1062.597921131455,9.534549817595947
2024-01-01 22:15:00,26.773034825138108,1019.7392789066452,11.297406114862625
2024-01-01 22:20:00,26.80450934677838,1002.9404099839811,11.01888699522248
2024-01-01 22:25:00,24.8997616486495,1000.3533128003767,11.298177707834697
2024-01-01 22:30:00,42.888346157097935,1003.4774396406741,10.175421075300113
2024-01-01 22:35:00,27.777182242888365,1018.1592226973431,8.514439626963028
2024-01-01 22:40:00,25.534100531738517,1017.4481539781171,10.082283989275425
2024-01-01 22:45:00,27.130960750130704,1010.4135577494982,11.40934744018558
2024-01-01 22:50:00,29.5977962472385,1011.1858071978018,9.554497478599227
2024-01-01 22:55:00,27.906768954235403,1020.8978607286535,9.477139972846732
2024-01-01 23:00:00,24.159626365808286,1011.5910769556974,8.655549488965724
2024-01-01 23:05:00,23.162696107031604,1007.9792961662397,9.232202434895871
2024-01-01 23:10:00,24.930630225226437,1014.1710736626826,11.550500492814077
2024-01-01 23:15:00,23.003291918522418,1017.921611992383,9.78601115577449
2024-01-01 23:20:00,24.901072580695136,1016.374097460833,8.877277978437702
2024-01-01 23:25:00,25.7648194923681,1013.8322610410653,10.49245126400815
2024-01-01 23:30:00,25.578337287815636,1025.2765006995544,9.362260015748683
2024-01-01 23:35:00,23.938006089996364,1009.8842973678762,9.444522880839745
2024-01-01 23:40:00,23.725225745386965,1018.9450826555377,11.420504247989856
2024-01-01 23:45:00,23.858507412501048,1008.8382221344789,10.471415556386404
2024-01-01 23:50:00,23.895553911438057,1016.1646590887775,10.2029230208513
2024-01-01 23:55:00,21.968511770005534,1020.7375260066503,11.795877673095521
2024-01-02 00:00:00,23.774422619031228,1011.0614922003201,10.285865390724904
2024-01-02 00:05:00,25.66891357997405,1016.2927213633642,12.010204538766349
2024-01-02 00:10:00,24.646105545011903,1009.0085137773077,8.620680771985473
2024-01-02 00:15:00,23.538139920116162,1012.8343651356311,11.794557863517788
2024-01-02 00:20:00,23.964777401927655,1014.1189397581945,9.983577103927248
2024-01-02 00:25:00,27.376786546896167,1025.634662129368,29.46913122707968
2024-01-02 00:30:00,28.730006467994947,1017.1024121913562,11.103713869390598
2024-01-02 00:35:00,25.265132135929573,1013.7868075064515,31.731320579909177
2024-01-02 00:40:00,11.865993285301137,1015.1084246195613,10.405617593140379
2024-01-02 00:45:00,26.430014027602283,1064.5890258460095,9.370483451950916
2024-01-02 00:50:00,24.665763839366292,1013.7335684321666,11.206508966508357
2024-01-02 00:55:00,23.366128658025527,1014.8433665443645,9.606661187672639
2024-01-02 01:00:00,25.057489645869634,1019.3922593130364,10.191099068019904
2024-01-02 01:05:00,25.092873096312296,1006.2007192951004,30.74625356602722
2024-01-02 01:10:00,24.21812286066955,1009.6478421647687,9.9535796292586
2024-01-02 01:15:00,24.34017052973305,1011.2442965308958,11.107388428338714
2024-01-02 01:20:00,26.1143573213385,1009.4805267484978,9.44445326718658
2024-01-02 01:25:00,25.983586110799227,965.4520978585139,9.396219760937932
2024-01-02 01:30:00,21.380082198038586,1017.8250748053161,9.519868132304149
2024-01-02 01:35:00,25.255605394733564,1014.8355113339403,9.474194612687043
2024-01-02 01:40:00,24.737923186002007,1002.8237987968724,10.732123607333072
2024-01-02 01:45:00,27.16013800064433,1004.4950322403063,9.593507123303738
2024-01-02 01:50:00,37.54026124351837,1012.111298392563,10.648636334720962
2024-01-02 01:55:00,26.97461779851325,1015.3186192869522,10.57781689088114
2024-01-02 02:00:00,39.03138163882726,1011.2268790853325,8.1532275655286
2024-01-02 02:05:00,23.86666117497979,1011.7938197107184,10.352055396514297
2024-01-02 02:10:00,22.496921151619112,1020.2188230203662,9.917848821607432
2024-01-02 02:15:00,27.234591663176253,1014.7136267318886,10.456753219153784
2024-01-02 02:20:00,26.13953456046441,1015.2385428000865,10.642722759867544
2024-01-02 02:25:00,42.658305060264865,1013.9826058485073,10.709003757588512
2024-01-02 02:30:00,28.276225499095283,1020.5051942000223,10.365506734826692
2024-01-02 02:35:00,21.840553858576406,1010.1305525883243,9.535608923386262
2024-01-02 02:40:00,22.34709041109307,1018.7729214092968,28.546573502725593
2024-01-02 02:45:00,28.930655016907423,1061.6155058010181,9.974610953615512
2024-01-02 02:50:00,23.125955991200147,1021.094010125103,11.215155008871754
2024-01-02 02:55:00,26.484169177047598,1017.6992405176485,10.846013544671269
2024-01-02 03:00:00,24.353287575427583,1013.2380177590718,8.52749162195899
2024-01-02 03:05:00,24.82060874638495,1018.917071247696,9.339292751742864
2024-01-02 03:10:00,27.046282409374452,1013.4579286934688,8.614628134330268
2024-01-02 03:15:00,22.785360973307377,1017.5965143485388,10.552524085258385
2024-01-02 03:20:00,25.203528145975252,1011.6298409287602,10.210567977628585
2024-01-02 03:25:00,26.760592498506497,1020.3792664024364,26.523684199440606
2024-01-02 03:30:00,26.39644662722718,1064.9674269271086,10.895193220027732
2024-01-02 03:35:00,26.27034360336394,1011.3229392815291,12.413393915117137
2024-01-02 03:40:00,26.302818561854046,1022.8827213686411,11.351478429473508
2024-01-02 03:45:00,25.928269320446606,1010.1014954426319,9.975895121847499
2024-01-02 03:50:00,24.556175094412893,1006.9274052217537,10.650281574959703
2024-01-02 03:55:00,28.13470600391882,1011.5084825272428,12.163656499224738
2024-01-02 04:00:00,21.884834428276534,1018.271817741936,11.67152023540541
2024-01-02 04:05:00,24.59193883803788,1012.0697174742855,11.042765175844401
2024-01-02 04:10:00,26.01198221991907,1003.0129432827025,9.15662684546062
2024-01-02 04:15:00,24.97290090390508,1006.1515091015747,9.525825683570096
2024-01-02 04:20:00,22.31062914951213,1011.149146847233,9.66337727267884
2024-01-02 04:25:00,25.703509353187428,1012.5412033800025,10.502789721040756
2024-01-02 04:30:00,25.76708801494784,1018.1566999713216,10.873783040960117
2024-01-02 04:35:00,26.536247670269432,1028.5243371423337,10.347402636642329
2024-01-02 04:40:00,30.187143007717722,1015.0610920112197,9.917149085194108
2024-01-02 04:45:00,24.253669635573605,1020.5486289922421,11.640503392887938
2024-01-02 04:50:00,26.199567711929458,1018.6677338725135,8.722779534076917
2024-01-02 04:55:00,21.902440354975575,1019.2316344289873,24.87318850209698
2024-01-02 05:00:00,25.803251010982947,1009.5719485945909,10.323800127605946
2024-01-02 05:05:00,24.417020042013018,1004.7475439498112,9.949577148278513
2024-01-02 05:10:00,24.686539203554947,1018.3120075493756,7.765573557685798
2024-01-02 05:15:00,25.4703996577094,1007.2221597594714,10.319223342195546
2024-01-02 05:20:00,25.74856011115461,1012.5657761143491,10.807293124811084
2024-01-02 05:25:00,22.508467881800602,1018.5386022514085,9.29192113380586
2024-01-02 05:30:00,36.88820269902021,1011.6380201475009,7.904842477320015
2024-01-02 05:35:00,25.508347784492404,1012.182663316489,8.854822575964619
2024-01-02 05:40:00,26.175525970567495,1013.5757589951229,9.257980258443022
2024-01-02 05:45:00,22.39068920838515,1020.0227168700544,8.39445659335892
2024-01-02 05:50:00,26.00763139117911,1052.230603776442,30.707211683012382
2024-01-02 05:55:00,26.94059777452012,1013.8695402082825,11.089436709360434
2024-01-02 06:00:00,23.96710211655637,1013.2212192711189,8.762658354552954
2024-01-02 06:05:00,26.25849794378717,1013.9546887538665,9.105436767586216
2024-01-02 06:10:00,23.23778570094708,1021.0797925166937,11.971668750461816
2024-01-02 06:15:00,24.573729326665358,1013.3387678638109,10.400114474648216
2024-01-02 06:20:00,25.296063516319375,1004.6285113973069,10.427870677190386
2024-01-02 06:25:00,5.824221930798782,1009.3365790437119,10.505427146624818
2024-01-02 06:30:00,25.553138305189854,1009.7464323132746,11.073087345410313
2024-01-02 06:35:00,9.672078240796157,1015.736079690285,9.082840194803964
2024-01-02 06:40:00,24.89674305541546,1013.9829103674386,10.183771134623042
2024-01-02 06:45:00,25.333539239193037,1010.9898259482738,10.279030425462539
2024-01-02 06:50:00,26.23605742196724,1013.7051832791128,10.505939836533724
2024-01-02 06:55:00,26.980706822075014,1003.7452982105236,10.943463841865368
2024-01-02 07:00:00,25.68485553044255,1007.4418733613064,10.802470882319689
2024-01-02 07:05:00,24.203358187952077,1011.6901678184072,9.492320217534338
2024-01-02 07:10:00,25.60479768847645,1009.0732342874397,25.901474629947785
2024-01-02 07:15:00,24.722274825610658,1011.5121824832,11.37570681331162
2024-01-02 07:20:00,24.699888825934945,1013.6278822673577,9.82692817571613
2024-01-02 07:25:00,25.031158095162937,1007.518624565524,8.559949117405706
2024-01-02 07:30:00,28.189010126449944,1008.7651932584083,24.008607650543695
2024-01-02 07:35:00,20.69321977279257,1002.2438519106466,11.768298308396773
2024-01-02 07:40:00,25.083378074263884,1011.8380044674976,10.451095296582979
2024-01-02 07:45:00,22.901986154859028,1013.0139118546078,11.620429645104073
2024-01-02 07:50:00,26.244793741046575,1013.2920073605134,10.089608159927609
2024-01-02 07:55:00,22.6372120334024,962.2500605430014,8.365704664370233
2024-01-02 08:00:00,26.359946151033512,1015.8773433374721,9.747314311999036
2024-01-02 08:05:00,25.784169059401737,1012.0555165610776,10.553073276440479
2024-01-02 08:10:00,24.93262694618257,1008.2482590844913,9.129427383738244
2024-01-02 08:15:00,23.031455249414993,1017.8545036596715,9.382553387540902
2024-01-02 08:20:00,21.175793677830278,1014.984193329244,11.514517562589582
2024-01-02 08:25:00,26.546166378355053,1009.9833821738914,8.41318828440491
2024-01-02 08:30:00,24.73146379328498,1012.2038806095164,24.030800389686235
2024-01-02 08:35:00,26.102074604485075,1010.0938241345858,9.104490597854902
2024-01-02 08:40:00,23.8664096539078,1015.6416271710514,9.856154229088036
2024-01-02 08:45:00,26.592417616905042,1015.3850185969753,7.723087301900392
2024-01-02 08:50:00,25.49499559367442,1024.2522738390815,11.325269051038331
2024-01-02 08:55:00,25.84402632141394,957.7030393476502,10.477553716125646
2024-01-02 09:00:00,22.51227352921743,1009.5354740110205,9.281592734430802
2024-01-02 09:05:00,26.789848753888883,1011.5252516085399,11.247742072673734
2024-01-02 09:10:00,23.653018751512263,1014.394970811119,9.164652946740242
2024-01-02 09:15:00,29.290298255546777,1007.0620079048524,10.309820710227028
2024-01-02 09:20:00,26.267553761864196,1015.0689954872574,9.814712341122291
2024-01-02 09:25:00,24.74035860053315,1013.2190573598956,29.852997998371514
2024-01-02 09:30:00,26.117481505223683,1007.0502747331715,10.734244289702978
2024-01-02 09:35:00,22.29567110675055,1016.3349020171908,8.450468730421488
2024-01-02 09:40:00,23.764374641486768,1022.4824719156478,11.708546369766886
2024-01-02 09:45:00,24.17495069496571,1014.9498029301495,11.204068018884884
2024-01-02 09:50:00,26.36259234884094,1011.6326787677259,9.251364685963667
2024-01-02 09:55:00,26.73620628591586,1018.6535165430726,11.715701834394388
2024-01-02 10:00:00,21.625501153093857,1006.7343760589947,11.16192360214708
2024-01-02 10:05:00,21.896938906499646,1019.1927497745596,9.785067494014609
2024-01-02 10:10:00,23.958172361326632,1014.0271429813573,8.6546315477645
2024-01-02 10:15:00,26.648029661196702,1021.4481849884735,10.870576215814241
2024-01-02 10:20:00,24.50698261489172,1005.3098214611728,8.500412543797067
2024-01-02 10:25:00,22.340713395521384,1012.9386086144384,10.113400063272605
2024-01-02 10:30:00,26.73688702148199,1004.0198550675847,11.3112102303924
2024-01-02 10:35:00,26.38881263789074,1011.3658185346893,8.8102384582679
2024-01-02 10:40:00,27.498281283382237,1011.499530193813,9.979981100655571
2024-01-02 10:45:00,25.767223941575864,1008.434005471092,9.71781942097475
2024-01-02 10:50:00,41.730633804040764,1016.8204803924814,10.773107206695238
2024-01-02 10:55:00,22.689640497719136,1009.2541037968543,10.225342753689068
2024-01-02 11:00:00,23.94506135277229,1014.8083829271183,10.503736046212426
2024-01-02 11:05:00,26.164791919968124,1007.647028308822,9.110253898213431
2024-01-02 11:10:00,8.591424583617624,961.805596260667,10.087186404206431
2024-01-02 11:15:00,26.416178243713354,1007.4831669691306,7.847109407047517
2024-01-02 11:20:00,25.77715720906193,1025.464997587164,9.993929088460106
2024-01-02 11:25:00,26.676981548903285,1013.4091467927378,9.901110346808858
2024-01-02 11:30:00,26.83815296597554,1011.5486272790567,10.267392314071904
2024-01-02 11:35:00,25.643395612392027,1009.6595477317848,10.992042349536522
2024-01-02 11:40:00,24.650080486609184,1009.2212742025358,10.536509843570403
2024-01-02 11:45:00,23.203064036417924,1063.1409057868457,9.990881003355797
2024-01-02 11:50:00,25.246460545829326,1016.5473090871493,8.030852714026452
2024-01-02 11:55:00,24.563497672514327,1057.882903448247,10.301722512682899
2024-01-02 12:00:00,23.699173930580013,1015.6484656645272,7.474281366397512
2024-01-02 12:05:00,40.127913573821864,1011.1414354835355,9.007686733963906
2024-01-02 12:10:00,26.901592600672295,996.057859586718,9.89196230021075
2024-01-02 12:15:00,24.862418307130245,1010.9396377215811,10.30169513494604
2024-01-02 12:20:00,26.31503921499175,1013.7102547216231,9.626172605950568
2024-01-02 12:25:00,26.265242599568538,1013.2452670463717,9.769299586804522
2024-01-02 12:30:00,22.375441229322163,1005.1867260736697,8.66877020728593
2024-01-02 12:35:00,25.556658122440428,1062.6046062619682,8.519715901792537
2024-01-02 12:40:00,25.297334914404225,1011.3145701444098,29.38659733645906
2024-01-02 12:45:00,24.395060627023742,1017.6862904478197,11.521330161332166
2024-01-02 12:50:00,22.451262507241243,1016.1303821275391,9.267246370310005
2024-01-02 12:55:00,23.59665617995185,1015.4531811071136,8.972097234286306
2024-01-02 13:00:00,25.94120520155009,1016.6505667825487,9.567467738300982
2024-01-02 13:05:00,27.654156204027334,1006.6358769396925,11.345406190611673
2024-01-02 13:10:00,21.112025141029733,1026.4985707020976,9.593797761378168
2024-01-02 13:15:00,22.675385687224765,1011.8366404574,8.953522057375572
2024-01-02 13:20:00,25.773930597709086,1019.8382866573507,9.006543773943323
2024-01-02 13:25:00,26.158798478348007,1055.3363231555213,11.032954733228612
2024-01-02 13:30:00,23.011787533915616,1012.8453050142219,8.039841991706169
2024-01-02 13:35:00,29.121117233232106,1007.0347002254488,9.959911487343447
2024-01-02 13:40:00,27.33643544363373,1008.6854733062476,7.6973030104552835
2024-01-02 13:45:00,24.110108479750657,1008.6258980996193,7.723626491407998
2024-01-02 13:50:00,25.569779785144398,1014.0354693111648,11.142326454538352
2024-01-02 13:55:00,22.758355268959225,1005.0043175677649,9.593276916953416
2024-01-02 14:00:00,24.82331468198181,1017.6067480149325,11.410568005005159
2024-01-02 14:05:00,27.428958267814693,1014.3827183344633,10.799499253504148
2024-01-02 14:10:00,23.719013130461633,1013.8419759623762,8.808709860712193
2024-01-02 14:15:00,25.125370793773747,1013.44323348699,11.72212860568497
2024-01-02 14:20:00,24.542034277019507,1013.4502141882664,10.236961415712043
2024-01-02 14:25:00,24.090359368223094,1008.9875363339418,11.298811324847051
2024-01-02 14:30:00,23.038165114079405,1006.3604096415636,10.68026537929548
2024-01-02 14:35:00,27.31562968404802,1010.7429517119969,9.563946512350121
2024-01-02 14:40:00,25.565087052213585,1009.4607366162841,9.218287479388032
2024-01-02 14:45:00,26.759185175972732,1016.0356555039181,11.311158886318106
2024-01-02 14:50:00,22.49482197526901,1010.4876875654469,10.281179562269452
2024-01-02 14:55:00,23.148758300451266,1016.2084371857733,11.224627087226331
2024-01-02 15:00:00,23.833284055545302,1013.1929597011351,11.455618690081117
2024-01-02 15:05:00,28.598543150037997,1016.729006255302,30.59342917319361
2024-01-02 15:10:00,25.459908895684425,1008.458489345171,9.761466553157334
2024-01-02 15:15:00,23.441972313932617,1002.1717738579794,10.974262222128807
2024-01-02 15:20:00,23.977098888899537,1009.1979996283335,10.210570033958465
2024-01-02 15:25:00,26.024999104443033,1011.3961258354686,9.997398332390981
2024-01-02 15:30:00,26.492374814628807,1011.1990320269502,10.302333741763334
2024-01-02 15:35:00,21.6815107632217,1006.7934050078612,10.605539778080404
2024-01-02 15:40:00,22.412882721665405,1014.1706877355665,9.853001217802927
2024-01-02 15:45:00,24.271065474959542,1008.8576861551613,10.909340018105375
2024-01-02 15:50:00,28.45978230903967,1014.5009608130009,10.322490715672817
2024-01-02 15:55:00,23.63533874028501,1007.0195138408781,9.960261095193825
2024-01-02 16:00:00,23.052500704083847,1004.1369493584209,10.803445812365583
2024-01-02 16:05:00,26.704333576503664,1008.7058061352345,10.243964321279245
2024-01-02 16:10:00,27.003904535583533,1014.0251334353094,8.806845353901267
2024-01-02 16:15:00,24.534213173525803,1019.63404710021,10.247026643605112
2024-01-02 16:20:00,26.07826420636561,1014.7081460968456,9.144488642021747
2024-01-02 16:25:00,23.758309561434714,1014.6943257852587,10.816871780020408
2024-01-02 16:30:00,27.199809901835764,1008.709472276159,10.433120534677194
2024-01-02 16:35:00,27.37408822343795,958.0645911485599,11.486747135799774
2024-01-02 16:40:00,24.731965666654165,1013.073440973646,9.21510168691776
2024-01-02 16:45:00,26.296560867687717,1012.3952592569611,10.419532443907027
2024-01-02 16:50:00,23.2250156443958,1010.8127084983829,25.72238135782777
2024-01-02 16:55:00,24.254333695816467,1011.5620449027491,9.058410482649354
2024-01-02 17:00:00,27.42147907787817,1016.0951859914314,9.541863012786266
2024-01-02 17:05:00,24.28456563546151,1011.0300931834879,9.58817384568108
2024-01-02 17:10:00,22.110885112950406,1004.6936025336112,10.029046772381744
2024-01-02 17:15:00,27.15062827871871,1010.3115515128607,10.303444750924045
2024-01-02 17:20:00,26.46852183435345,1008.0331089720808,9.980024571280097
2024-01-02 17:25:00,23.66695903745297,1021.0305974591565,11.562459506862114
2024-01-02 17:30:00,23.015314320250297,1014.9294219154216,31.06759930081249
2024-01-02 17:35:00,26.69665900075266,1017.7391290141861,10.682034450043925
2024-01-02 17:40:00,19.452874274173105,1017.0046831981473,9.568204211359793
2024-01-02 17:45:00,38.227915091336655,1008.7836969785313,9.86475710436797
2024-01-02 17:50:00,26.546199883077744,1017.411078912334,9.12094911482411
2024-01-02 17:55:00,23.9201310809223,1012.6835543943051,12.270865281035547
2024-01-02 18:00:00,26.090243495177866,1008.2829224249581,10.303780309490506
2024-01-02 18:05:00,22.246616918723838,1016.5899515495809,11.675547393544486
2024-01-02 18:10:00,28.359583370167915,1016.6744675173717,9.416587644131871
2024-01-02 18:15:00,22.39819648697175,1005.9989747831545,7.193782890501456
2024-01-02 18:20:00,26.387711526015842,1012.485822398878,10.909216166453128
2024-01-02 18:25:00,27.856062970469576,1013.499527719512,10.14596160971315
2024-01-02 18:30:00,24.071359311005068,1011.2695779141379,10.728469912472933
2024-01-02 18:35:00,24.65124993926938,1011.4049616662359,9.981683140557148
2024-01-02 18:40:00,26.77266039212318,1009.5366922108495,9.933471482447967
2024-01-02 18:45:00,25.49055567555686,1018.8011095179262,9.760703223200581
2024-01-02 18:50:00,23.564353227896557,1010.5781952786382,11.053057433015379
2024-01-02 18:55:00,29.066610597206928,1006.4312109315698,8.904698384930143
2024-01-02 19:00:00,24.66240642659571,1013.5547804803402,10.786969565554996
2024-01-02 19:05:00,23.21773398279703,1007.6844548167527,10.138087153133629
2024-01-02 19:10:00,24.483198559585663,1067.6336049888578,10.487359803190383
2024-01-02 19:15:00,26.110758695266437,1016.9713233981091,8.745710576830751
2024-01-02 19:20:00,25.58711586433326,1006.217090976883,10.466429982433526
2024-01-02 19:25:00,24.928717035405032,1004.9243409204724,11.164739354457172
2024-01-02 19:30:00,8.530816846403901,1008.9487378149281,10.200569197230942
2024-01-02 19:35:00,27.29727469885743,1018.0603393235193,7.71585214251766
2024-01-02 19:40:00,25.47861693364069,1020.1466213135643,8.662126508789768
2024-01-02 19:45:00,26.10311854042485,1011.8167890723448,11.15029053091616
2024-01-02 19:50:00,25.808514390026904,1008.579922727204,9.79914852170938
2024-01-02 19:55:00,24.716608647904753,1012.3841089259497,11.119262944775263
2024-01-02 20:00:00,23.31476015721954,1018.015256548306,9.69775032407848
2024-01-02 20:05:00,25.44702221265833,1013.3618879314051,9.978194661918165
2024-01-02 20:10:00,24.972794331109355,1020.2867927913551,10.842449924906145
2024-01-02 20:15:00,24.27456862084014,1020.9139362706104,10.274681073992852
2024-01-02 20:20:00,25.71524851864779,1008.8134046033431,9.50250134159486
2024-01-02 20:25:00,23.62299298414565,1013.4303643249684,10.63878307944821
2024-01-02 20:30:00,25.734464598844426,1020.9402207803479,9.112241994788764
2024-01-02 20:35:00,25.229738087077763,1006.5853033535085,29.078129028396738
2024-01-02 20:40:00,23.053106517201048,1012.9730131181923,11.038388755734612
2024-01-02 20:45:00,26.0108481864334,1019.5473644817536,9.431857670165666
2024-01-02 20:50:00,21.338463103210266,1014.0032590197784,10.362570815026485
2024-01-02 20:55:00,27.73684390894535,1018.9407286735349,10.53674362301246
2024-01-02 21:00:00,26.53078042834087,1012.0408927089668,8.780885388680783
2024-01-02 21:05:00,25.235442434761822,1017.9128673181389,10.656360869828548
2024-01-02 21:10:00,26.667614678318728,1010.8612215647662,9.734453161981577
2024-01-02 21:15:00,25.966850976229207,1010.2674630274562,9.484282930066998
2024-01-02 21:20:00,40.5959644727549,1016.8045237157845,9.800471326670591
2024-01-02 21:25:00,22.673621077892722,1014.7005885320232,9.457531933293804
2024-01-02 21:30:00,22.88456870385989,1012.7949228949827,9.077487269622917
2024-01-02 21:35:00,27.347453995485175,1008.6903981099209,10.36354594068736
2024-01-02 21:40:00,23.793155402480554,1014.3853137521876,9.476003426544644
2024-01-02 21:45:00,22.485577450284925,1015.4188637047592,9.764584378086779
2024-01-02 21:50:00,25.571969881444918,1010.8557853218479,8.672063486231547
2024-01-02 21:55:00,27.166357194112514,1016.6837887772055,9.433039024446757
2024-01-02 22:00:00,25.139558426997596,1018.2100974158146,9.542961664137604
2024-01-02 22:05:00,9.396230989618896,1014.2181625000369,9.540908936445414
2024-01-02 22:10:00,24.216483701912356,1008.3879490775075,11.615375689469442
2024-01-02 22:15:00,24.35535906157732,1019.0857926041275,11.521316051922451
2024-01-02 22:20:00,26.99662179629592,1010.8418984364098,10.403730090336609
2024-01-02 22:25:00,24.951608787218166,1008.4814906963494,10.324359281721604
2024-01-02 22:30:00,22.641920417680396,1018.9383969423078,9.535382702701607
2024-01-02 22:35:00,25.40231931174568,1014.4164393577307,9.741095026295923
2024-01-02 22:40:00,26.173387602950548,1010.6254817168874,10.871297297457245
2024-01-02 22:45:00,22.3080406395065,1013.6318978977321,11.938928999058284
2024-01-02 22:50:00,22.99933735078885,1009.6112751473757,10.513907849658915
2024-01-02 22:55:00,25.359163563879196,1014.7531504963678,10.489187130147663
2024-01-02 23:00:00,26.26944293712354,1018.5484992097811,10.409818656928513
2024-01-02 23:05:00,24.517484690762917,1016.3628685060137,11.899881934895216
2024-01-02 23:10:00,24.734732507234853,1008.1273534766468,11.107080669286972
2024-01-02 23:15:00,24.759237672092805,1002.1366522699299,10.847421677150422
2024-01-02 23:20:00,23.929343628092155,1012.5473335884792,25.331980330569014
2024-01-02 23:25:00,25.380999359558132,1014.9412132389267,9.303580207077397
2024-01-02 23:30:00,26.686828618792,1015.4760647656205,10.038865562048564
2024-01-02 23:35:00,25.30863166326717,1023.2087295528142,10.942312210267868
2024-01-02 23:40:00,29.399053262322667,1015.6601509664623,8.528308557329312
2024-01-02 23:45:00,24.47565259427232,1004.4989756272597,10.528303034666918
2024-01-02 23:50:00,26.490808394690802,1008.5704200202036,9.344363620353146
2024-01-02 23:55:00,25.29750179247043,1007.0094796836789,8.726840230757468
2024-01-03 00:00:00,27.47726409608224,1013.5735530908198,9.441890642294045
2024-01-03 00:05:00,21.61576222288556,1017.2617567844724,9.31548178778303
2024-01-03 00:10:00,28.72136889174108,1017.2965504884672,9.19185814559273
2024-01-03 00:15:00,23.569056605737057,1021.6092558147217,9.915740553165495
2024-01-03 00:20:00,23.973377543353262,1013.1386084423829,9.48208734994621
2024-01-03 00:25:00,25.48209695421633,1012.6208818924086,10.87550798051151
2024-01-03 00:30:00,24.222851793521748,1008.5759181665518,9.651015303376415
2024-01-03 00:35:00,24.289832203551907,1012.6123309240301,10.634540288057226
2024-01-03 00:40:00,26.159817934943842,1018.9982933792928,9.188510322266476
2024-01-03 00:45:00,25.777440246102216,1016.6365992351035,9.325779593688136
2024-01-03 00:50:00,24.584737894035243,1004.250110628906,10.906857695125735
2024-01-03 00:55:00,24.56900359536026,1017.032820883405,10.206049517879514
2024-01-03 01:00:00,24.62966954205025,1005.0359860032376,8.58504738928356
2024-01-03 01:05:00,19.813707631316515,1010.1869325858568,32.27824870318125
2024-01-03 01:10:00,23.21133475382316,1009.6529490258372,9.795064962186755
2024-01-03 01:15:00,25.013736509878076,1018.4223979153653,24.422469906492445
2024-01-03 01:20:00,24.015297975720877,1006.2854780086519,9.41922221149603
2024-01-03 01:25:00,26.707426091365654,1013.6606836066799,11.33061703550959
2024-01-03 01:30:00,25.39075056870349,1017.9623041574727,9.935929699871503
2024-01-03 01:35:00,23.819449033280435,1020.4028402777094,9.290649712063933
2024-01-03 01:40:00,25.6876896462486,1016.8444868161224,10.841492704470857
2024-01-03 01:45:00,22.66911465955996,1018.2597520291413,9.02104475389273
2024-01-03 01:50:00,26.621407310699986,1015.6758673552455,10.818630661779899
2024-01-03 01:55:00,22.589992957801947,1015.939648713672,11.085593676408172
2024-01-03 02:00:00,25.38679156632348,1008.9069166019772,10.91974761432799
2024-01-03 02:05:00,25.22783925620154,1004.6277786808615,9.103810537683339
2024-01-03 02:10:00,23.947410937546053,1020.5290914381983,11.330183086306214
2024-01-03 02:15:00,27.65393706211335,1014.1618013884193,10.913594791779198
2024-01-03 02:20:00,22.71844118262822,1013.0340154919638,10.451632701649597
2024-01-03 02:25:00,22.85020188538176,1014.0495604482094,11.686639185804344
2024-01-03 02:30:00,11.117539569121252,1017.5877260333206,7.547593076567738
2024-01-03 02:35:00,28.11593769830585,1010.2563754612952,10.092844901141115
2024-01-03 02:40:00,25.319712783994802,1007.8616242953702,11.265707840864701
2024-01-03 02:45:00,23.267650303571,1017.8472860026337,10.427194361871685
2024-01-03 02:50:00,23.707545380312393,1021.8765544630476,8.80636316824352
2024-01-03 02:55:00,26.838308347220003,1018.0029115902149,9.329379790923355
2024-01-03 03:00:00,27.784930600128657,1011.7497674270053,25.288693629279855
2024-01-03 03:05:00,25.52064367754244,1011.204887180721,10.23212851185867
2024-01-03 03:10:00,24.455144597511417,1062.625445776725,10.576838167874593
2024-01-03 03:15:00,20.216556684574414,1011.733725449874,8.785540719247338
2024-01-03 03:20:00,23.071191490776616,1010.8492168220408,10.049578520484706
2024-01-03 03:25:00,24.67731157669641,1005.9366579091449,11.213316409185643
2024-01-03 03:30:00,24.698788161126313,1009.4312307186467,11.110302361982765
2024-01-03 03:35:00,22.633187623466938,1004.8555490821275,11.272487446598738
2024-01-03 03:40:00,28.78277569910068,1010.689519906743,9.954029992082855
2024-01-03 03:45:00,7.706670570958192,1013.027462751217,9.524294736268804
2024-01-03 03:50:00,21.465405293778847,1005.7451336877946,9.161803685990481
2024-01-03 03:55:00,24.112763390965892,1007.5193848763097,9.964004588022759
2024-01-03 04:00:00,24.172581664650764,1018.3544761566981,9.525226354516292
2024-01-03 04:05:00,20.42656410356901,1013.628755862677,9.985801975588661
2024-01-03 04:10:00,23.275900237191014,1013.4749994174852,8.924735411773664
2024-01-03 04:15:00,25.659679907246684,1026.1646221846493,8.194394527093234
2024-01-03 04:20:00,23.96751582598168,1009.6174743927543,9.566740116512456
2024-01-03 04:25:00,27.03984915919395,1015.7141327965951,10.848766502606424
2024-01-03 04:30:00,25.060991009507195,1006.3895034002757,8.88531463874002
2024-01-03 04:35:00,26.492519414933184,1013.8541594920665,11.260207406078838
2024-01-03 04:40:00,25.586524206493593,1007.0849250333393,9.478098185816846
2024-01-03 04:45:00,26.12962829936586,1016.5516624811931,10.855108632154687
2024-01-03 04:50:00,22.902951773589614,956.9948491696153,9.81019748025258
2024-01-03 04:55:00,27.88014703306691,1010.6734477160998,9.894051645695864
2024-01-03 05:00:00,30.28868669403407,1005.4851483580243,10.253739661494574
2024-01-03 05:05:00,25.935386343530865,1018.4289316246967,10.097983153470896
2024-01-03 05:10:00,25.616101079008203,1011.041757162891,10.269126941245107
2024-01-03 05:15:00,24.31361544900518,1016.1078594492802,9.630389663956366
2024-01-03 05:20:00,25.754200787804372,1012.8536859315751,11.126050250772169
2024-01-03 05:25:00,24.897212552823028,1004.1348376589656,11.261921500713992
2024-01-03 05:30:00,23.188535398274762,959.7311683067559,9.404338705956508
2024-01-03 05:35:00,27.748876186341633,1011.8908660937185,10.67440124149432
2024-01-03 05:40:00,26.07278274456892,964.5346885367977,7.800389281499446
2024-01-03 05:45:00,21.575121084871373,1015.0734926436544,11.491919646345272
2024-01-03 05:50:00,27.331612038416772,1011.9777251015739,9.864745674606308
2024-01-03 05:55:00,27.00713312036657,1024.6662220214264,10.192282674399042
2024-01-03 06:00:00,28.91412728108328,1011.792927947899,10.951960363509802
2024-01-03 06:05:00,27.202311524494572,1010.9501974807362,9.252921920698359
2024-01-03 06:10:00,27.290778377094707,1010.3422153137847,9.105650087324598
2024-01-03 06:15:00,23.632080996401807,1010.321933307873,10.856617104625677
2024-01-03 06:20:00,26.030085346552376,1016.5782912237895,25.421379811098085
2024-01-03 06:25:00,23.81231967550672,1015.3336273379605,10.485962282927272
2024-01-03 06:30:00,25.698345080623714,1016.3551850633991,9.777458164085601
2024-01-03 06:35:00,23.25496936881626,1008.2008600154318,10.975051095303469
2024-01-03 06:40:00,25.94064462105658,1003.7208111452484,11.09675342679994
2024-01-03 06:45:00,28.76087029280531,1059.4204157462073,10.33616004627604
2024-01-03 06:50:00,26.31849133686481,1017.6878506881328,8.392440135631025
2024-01-03 06:55:00,38.47455044286757,1009.1542882510635,24.060096898891135
2024-01-03 07:00:00,24.690150796327448,1016.5036814256645,9.721608829189021
2024-01-03 07:05:00,26.266722629687305,1005.2960347878457,9.867483320458103
2024-01-03 07:10:00,25.157792193197018,1013.1156936154908,8.347081302161117
2024-01-03 07:15:00,27.40622529286161,1008.7266352751429,10.335037125262467
2024-01-03 07:20:00,25.01592856529466,1018.0185476190534,12.187488829374207
2024-01-03 07:25:00,22.419271030914327,1009.7554305936375,10.189092493839052
2024-01-03 07:30:00,22.789293364894416,1066.9109130397787,10.843372622157059
2024-01-03 07:35:00,26.118898151990074,1015.6188555491644,8.261819527663457
2024-01-03 07:40:00,23.609061537356773,1020.785492703121,10.556217578997503
2024-01-03 07:45:00,26.624479561878438,1009.7154469975127,8.461630001031896
2024-01-03 07:50:00,26.413634858627468,1017.6512807812097,10.88499338608111
2024-01-03 07:55:00,25.41813846023573,1008.1646587826397,12.43776958805973
2024-01-03 08:00:00,25.95957488596835,1012.1305667920542,9.830550762516632
2024-01-03 08:05:00,25.299194956147108,1018.3480413107899,10.189628123305452
2024-01-03 08:10:00,26.717026306894994,1013.756988439466,9.88764610852962
2024-01-03 08:15:00,26.28250078665678,1016.016430168369,9.830365880904845
2024-01-03 08:20:00,23.501586084571482,1064.7086445737023,10.078348668962594
2024-01-03 08:25:00,23.890256574458483,1020.1137406804997,10.926215402241592
2024-01-03 08:30:00,26.93079496918234,1069.1806536090312,10.088657590961438
2024-01-03 08:35:00,25.39463141481119,1012.0733143859212,8.258930689937351
2024-01-03 08:40:00,24.99298401598292,1008.1499801624548,10.9830827052059
2024-01-03 08:45:00,24.382557693442983,1008.0188397188874,9.938456726119952
2024-01-03 08:50:00,27.541399170184384,1016.1540792457231,10.219917150605934
2024-01-03 08:55:00,22.347809881906286,1021.1080004988316,9.378372825964098
2024-01-03 09:00:00,26.867567825744686,1011.3731856082429,10.83750787248324
2024-01-03 09:05:00,27.61374819175055,1016.2406863495377,10.75585495975994
2024-01-03 09:10:00,24.803122027688737,1010.8301692896359,10.13829868978581
2024-01-03 09:15:00,24.320170988461566,1025.3360185540625,9.007641713509486
2024-01-03 09:20:00,12.004170433180818,1015.585984172695,10.229872208123938
2024-01-03 09:25:00,27.959772199827682,1005.3734045488327,8.866184404913117
2024-01-03 09:30:00,24.56392824360356,999.8059574987005,10.778979712044002
2024-01-03 09:35:00,20.180223665786386,1012.6131380433361,10.015019226594289
2024-01-03 09:40:00,26.076123440363617,1012.7915959880505,12.017907963833238
2024-01-03 09:45:00,25.432633763137,1018.2680619962183,9.276537191129712
2024-01-03 09:50:00,25.241513612378935,1020.7378504751447,9.76230487531036
2024-01-03 09:55:00,25.38446952839046,1017.9042672456874,9.257770479808366
2024-01-03 10:00:00,20.67687933336161,1014.2778682685619,10.988669169358003
2024-01-03 10:05:00,22.297108470216056,1016.3510994863867,10.676966387339537
2024-01-03 10:10:00,20.45300748176939,1008.3185568379662,9.604171219268338
2024-01-03 10:15:00,24.640751999529527,1009.28432867616,9.202997196417819
2024-01-03 10:20:00,43.34296578236419,1012.4622043407055,29.30495633985026
2024-01-03 10:25:00,24.9176610461749,1013.1044324414798,10.230700905718683
2024-01-03 10:30:00,22.479670469654838,1009.9181929598026,9.624803619676063
2024-01-03 10:35:00,9.36456980648753,1019.4082189750188,10.557691060725125
2024-01-03 10:40:00,26.8068980721822,1013.3030441783746,10.438382580128403
2024-01-03 10:45:00,22.93656597613288,1019.2159171860718,24.1011868119651
2024-01-03 10:50:00,25.660130001625244,1016.0996316619791,8.910919883852195
2024-01-03 10:55:00,24.688357051341793,1013.1893095750447,10.584572627949568
2024-01-03 11:00:00,25.007606152246375,1004.868403230192,9.470062230537511
2024-01-03 11:05:00,25.44925157077804,1017.2076417101988,9.382363390605754
2024-01-03 11:10:00,29.375299749100037,1003.5276346558152,9.436299824942099
2024-01-03 11:15:00,24.833932793014455,1011.9962541822357,8.767857670185167
2024-01-03 11:20:00,25.89572349550359,1014.8554702565696,10.047961445981546
2024-01-03 11:25:00,25.663687726517033,1010.8811179427598,8.382637049891432
2024-01-03 11:30:00,23.56672025989551,1013.7852729070472,10.162744414846395
2024-01-03 11:35:00,25.082758105171695,1015.7435413399252,9.418853954549984
2024-01-03 11:40:00,25.053362114221073,1015.8604638920247,9.915110181497647
2024-01-03 11:45:00,22.513352143187802,1008.1925581517223,10.830852324279366
2024-01-03 11:50:00,27.784944325885146,1018.8764155391202,10.232155949742035
2024-01-03 11:55:00,22.593734795966615,1012.9682422161356,11.562255131950423
2024-01-03 12:00:00,26.236976760912952,1011.9626123865806,10.628625232841216
2024-01-03 12:05:00,22.461209586768792,1009.521643110759,8.915808608977676
2024-01-03 12:10:00,25.939143636696866,1016.5705174986005,9.846173972801633
2024-01-03 12:15:00,23.254140646520867,1012.9012545323269,9.513420109326193
2024-01-03 12:20:00,23.40765859061251,1014.6949684265462,24.242007777481327
2024-01-03 12:25:00,6.867300534071816,1012.9639997710483,10.61503019377232
2024-01-03 12:30:00,8.701253923357147,1019.6065201613651,11.419603004513638
2024-01-03 12:35:00,23.79915286852259,1012.577185004281,9.327721727812401
2024-01-03 12:40:00,26.565674329475783,1005.8011289344496,8.159670963765828
2024-01-03 12:45:00,13.220343058757212,1008.9801380059652,10.746088119539685
2024-01-03 12:50:00,25.427807736402965,1012.0529316450923,8.459752367968923
2024-01-03 12:55:00,28.96677246970342,1065.746153982508,12.63422204364996
2024-01-03 13:00:00,24.636449448234135,1013.8667071185678,10.879176301434427
2024-01-03 13:05:00,24.695600039284667,1011.4202063677717,11.103130706069742
2024-01-03 13:10:00,26.32399113412661,965.6948898785055,10.112515711588115
2024-01-03 13:15:00,26.966304421839716,1006.7380327779344,10.363631882624968
2024-01-03 13:20:00,26.7737747801946,1010.8961910315948,7.395786143372866
2024-01-03 13:25:00,25.39789629359299,1015.1836927586676,10.404294754961697
2024-01-03 13:30:00,27.471564383644306,1007.6447316017548,25.680216105450448
2024-01-03 13:35:00,27.38501502495595,998.3753741040166,11.247811197916247
2024-01-03 13:40:00,24.665607713855294,1016.3308303273583,11.669228754640303
2024-01-03 13:45:00,29.868817266475364,1009.7508926092959,10.133959907165645
2024-01-03 13:50:00,12.733672921210893,1008.778604907385,9.417888406209572
2024-01-03 13:55:00,23.82392284308225,1007.8503266454712,9.250968529044904
2024-01-03 14:00:00,27.43474713950326,1017.1027770950319,29.748269318007495
2024-01-03 14:05:00,27.2672469437181,1008.7303014580615,9.076474608231269
2024-01-03 14:10:00,24.282781361084915,1008.8797057923049,10.70536521022845
2024-01-03 14:15:00,23.49774788614711,1007.1416507096635,10.142015412255232
2024-01-03 14:20:00,7.420027648349574,1004.0026803426231,10.133257233861277
2024-01-03 14:25:00,21.50155991397958,1016.2522504626806,8.496919698240182
2024-01-03 14:30:00,27.103895235445837,1008.009696863428,9.616028728047649
2024-01-03 14:35:00,25.50040041250339,1022.9783374489198,13.109918556005361
2024-01-03 14:40:00,26.213446118272365,1012.084016906398,10.53450564848055
2024-01-03 14:45:00,26.775310851747673,1011.396661872214,11.795211355912322
2024-01-03 14:50:00,25.460141518382805,1015.4887154454569,10.665924252054461
2024-01-03 14:55:00,25.843173221228913,1017.194702502348,9.382746813453076
2024-01-03 15:00:00,23.883396492107938,1007.4992288351415,10.439501230620227
2024-01-03 15:05:00,26.557873007024227,1015.2888643307595,11.674492433347538
2024-01-03 15:10:00,24.988807962341905,1016.3437082779626,8.908299123860687
2024-01-03 15:15:00,24.225800595051197,1016.4776887878289,10.849102110743145
2024-01-03 15:20:00,24.412066104671634,962.6420037407097,8.48212625331919
2024-01-03 15:25:00,24.28594159838678,1022.4114611691709,10.009931019733271
2024-01-03 15:30:00,29.57961159492092,1022.6378469258909,8.22164903273462
2024-01-03 15:35:00,23.69010807839462,1007.8152449701253,9.951793918512937
2024-01-03 15:40:00,25.374328040972323,1014.1496323394672,11.054128676018978
2024-01-03 15:45:00,27.987165538617738,1017.8374387461932,9.439064785776253
2024-01-03 15:50:00,38.43595226978512,1013.0138091794197,10.426119526404662
2024-01-03 15:55:00,24.633617308565757,1013.3487342442053,29.360235472555868
2024-01-03 16:00:00,22.54624893097242,1010.826774551049,10.67631005999758
2024-01-03 16:05:00,24.72529165218771,1018.0453264802367,9.814570532346925
2024-01-03 16:10:00,22.13696400455337,1015.986374437783,9.326376858966597
2024-01-03 16:15:00,24.53326542247293,1019.1878602374206,8.839129540278487
2024-01-03 16:20:00,25.32948757492877,1012.797408249821,10.700925715437103
2024-01-03 16:25:00,26.710306730964046,1014.3191950212445,9.6396253534196
2024-01-03 16:30:00,25.94674500805192,1019.6782794857228,9.9727100603603
2024-01-03 16:35:00,24.465487771153946,1014.9408512883399,25.038727020369613
2024-01-03 16:40:00,41.78039682224957,1018.1762466736187,8.153812137761907
2024-01-03 16:45:00,23.14097827961518,1063.8683832306926,9.298662808397285
2024-01-03 16:50:00,21.50509383060987,1012.3597914686269,10.948446349861536
2024-01-03 16:55:00,22.42809045257035,1013.4378910947679,10.395935675626774
2024-01-03 17:00:00,24.833231449451414,1013.9284629487053,10.197327262595211
2024-01-03 17:05:00,23.374544086163137,1020.4929128600594,11.247756834076215
2024-01-03 17:10:00,27.379822794482337,1018.0683787027193,8.425020530566975
2024-01-03 17:15:00,26.852124755623933,1016.2780071377475,8.463476385056216
2024-01-03 17:20:00,24.570179289699844,1014.3839672466264,11.664317098124634
2024-01-03 17:25:00,26.449447715788516,1008.6771713636085,11.695388458451964
2024-01-03 17:30:00,10.087559525427778,1011.7207943154846,9.672881803411189
2024-01-03 17:35:00,21.752889523953733,1016.6119396416408,9.105467310863611
2024-01-03 17:40:00,27.84892402626527,1016.4881168536622,10.646297369403573
2024-01-03 17:45:00,22.764660145976013,1021.4981620832212,9.986283900633731
2024-01-03 17:50:00,26.45609772485968,1011.385877681267,10.260889064682097
2024-01-03 17:55:00,25.594254704238807,998.9003453399829,10.582448124654832
2024-01-03 18:00:00,28.93068292344417,965.6989012949598,9.042291751110263
2024-01-03 18:05:00,41.299923132307775,1014.4711206450675,9.765592199683677
2024-01-03 18:10:00,23.053769279557358,1003.6127855738195,30.460329873179816
2024-01-03 18:15:00,22.30090230365126,1015.0393839118766,10.452531436359484
2024-01-03 18:20:00,22.199160879338464,1014.0338738991721,11.417020412981627
2024-01-03 18:25:00,26.362679006371216,1013.7716834353221,11.711937195817029
2024-01-03 18:30:00,24.62991855467839,1009.9022216248916,10.153831916078257
2024-01-03 18:35:00,26.532934736223194,1004.4110295209587,10.284868643490418
2024-01-03 18:40:00,26.62069003107262,1011.6517918735157,11.106964766302642
2024-01-03 18:45:00,11.282373324822139,973.7069155925553,9.249397102418785
2024-01-03 18:50:00,23.788278358482213,1021.5968895310365,11.992515353168118
2024-01-03 18:55:00,23.466686824433303,960.2522143204571,10.859587886979803
2024-01-03 19:00:00,22.41697779780839,1015.1354865839584,8.335390264966234
2024-01-03 19:05:00,28.25228559756622,1010.6341496468198,9.969429836582504
2024-01-03 19:10:00,23.638097848386494,1008.4910920664959,10.737291316547052
2024-01-03 19:15:00,24.682766645897356,1013.2124126946159,23.99610892078116
2024-01-03 19:20:00,26.085408795953448,1007.8057010510656,10.135718590547999
2024-01-03 19:25:00,25.329820286853113,1009.5282101463331,10.329979460956856
2024-01-03 19:30:00,7.984372202525137,1007.4146292876912,10.099605756521441
2024-01-03 19:35:00,21.680488829043874,1067.287367490006,9.133380391335868
2024-01-03 19:40:00,25.963732123436984,1015.7363239868898,10.548883835317364
2024-01-03 19:45:00,24.490088412892604,1012.3727286999855,10.327879524159357
2024-01-03 19:50:00,25.17178601258666,1001.9034981362623,9.770200369424806
2024-01-03 19:55:00,23.297187131479372,1013.8760570945426,12.98525900260341
2024-01-03 20:00:00,25.73496333094861,1011.4323515691381,10.921801501977253
2024-01-03 20:05:00,25.965375774418426,1015.1004724522592,10.606850593215672
2024-01-03 20:10:00,29.113087129659082,1007.3455578233704,10.473632076811455
2024-01-03 20:15:00,23.147237740036925,1015.7775632317113,9.081313488513906
2024-01-03 20:20:00,24.16526637278983,1011.5245504288105,10.975816719344708
2024-01-03 20:25:00,26.836908887884828,1006.7714131177681,10.054934110999849
2024-01-03 20:30:00,23.580840290501655,1006.7074754466233,9.78298294957563
2024-01-03 20:35:00,24.38303442308836,1025.1335824317275,10.432959825360696
2024-01-03 20:40:00,22.244764998491526,1010.1761299791453,11.021383295429398
2024-01-03 20:45:00,29.17688554573985,1005.0700834388102,8.120075614860955
2024-01-03 20:50:00,28.741930350743566,1014.9480708868546,9.131707268123634
2024-01-03 20:55:00,26.069258172244872,999.8212613049157,10.00337550659716
2024-01-03 21:00:00,25.65564234568617,1017.6213506976892,8.986104047707462
2024-01-03 21:05:00,25.171374322806717,1008.372876869702,10.255383755674318
2024-01-03 21:10:00,23.209307355273953,1010.9594958041989,9.00418460520977
2024-01-03 21:15:00,26.302272483647315,967.2922555832833,9.765379430042586
2024-01-03 21:20:00,26.074631315088407,1019.6717516297465,10.41886474740898
2024-01-03 21:25:00,26.727759643337674,1017.6869557463989,9.776649459116264
2024-01-03 21:30:00,26.45200686513534,1008.2967755117954,10.349812342548864
2024-01-03 21:35:00,26.154051653336907,1018.2554756034966,10.820759303981307
2024-01-03 21:40:00,27.128228366669425,1012.5030983493679,9.654606845329953
2024-01-03 21:45:00,24.450202484228768,1014.3314186522432,8.191252984357748
2024-01-03 21:50:00,12.663513940789109,1013.2193667991448,9.584998417664881
2024-01-03 21:55:00,19.94056757878908,1012.0770766837734,9.301804466908392
2024-01-03 22:00:00,24.44859561415827,1017.7034807191134,10.496164905597936
2024-01-03 22:05:00,25.08853594669823,1013.9576964972241,9.440257526404517
2024-01-03 22:10:00,24.612101199114694,1009.6834783911274,9.705220715700257
2024-01-03 22:15:00,27.69235652725325,1007.610640943114,9.311282333577084
2024-01-03 22:20:00,22.491402274128497,1005.645456214062,9.813228085804708
2024-01-03 22:25:00,23.76478163639843,1021.8084446539609,9.717153453822206
2024-01-03 22:30:00,27.57879372686005,1017.8400323747031,9.791045844775986
2024-01-03 22:35:00,29.220271164171244,1014.342669932324,11.513009266003989
2024-01-03 22:40:00,27.79319378316253,1015.0732399255239,10.75113084780585
2024-01-03 22:45:00,26.24814283023895,1007.2786928430414,10.057290354453016
2024-01-03 22:50:00,27.14849446788932,1020.6309315868083,9.27936032816805
2024-01-03 22:55:00,26.05766260362604,1013.7543510663877,9.882125935418404
2024-01-03 23:00:00,25.712005258450052,1014.0899870533307,10.541407568872588
2024-01-03 23:05:00,27.883433521900105,1016.9206379543235,10.310591258872703
2024-01-03 23:10:00,28.72925011364616,1018.5496479794017,9.907601561396651
2024-01-03 23:15:00,22.56575919529419,1008.0608465953977,10.933232448315634
2024-01-03 23:20:00,23.739375041494036,1007.9597226144402,9.2419146733128
2024-01-03 23:25:00,23.6252313758186,1017.2532383389113,9.843257924217724
2024-01-03 23:30:00,22.25525079940119,1013.1552244888118,10.222266132448242
2024-01-03 23:35:00,24.041326277118298,1018.7794254209635,9.579061114307715
2024-01-03 23:40:00,27.2166753732743,1015.9839138983749,10.926605508044407
2024-01-03 23:45:00,37.80289831838721,1013.4915509611906,9.947171995425231
2024-01-03 23:50:00,25.31992971154763,1005.3438596840831,9.853963394258201
2024-01-03 23:55:00,27.58075350251645,1017.4914092801401,8.713665853317051
2024-01-04 00:00:00,41.22805129451696,1015.6419640593386,10.349890120114738
2024-01-04 00:05:00,24.944288889245332,1014.3022113166678,9.461158143807262
2024-01-04 00:10:00,22.982890631847585,1003.1868715416371,10.349650047299694
2024-01-04 00:15:00,21.87039445727589,1063.4767209972065,9.73655178391775
2024-01-04 00:20:00,22.284355075924893,1011.3871760794901,11.726626506496595
2024-01-04 00:25:00,25.207594362192186,1022.4836909099829,9.276884369361053
2024-01-04 00:30:00,40.46789490426908,1011.0866078122407,10.591984685124553
2024-01-04 00:35:00,26.790017336120243,1018.806993937157,9.188742880862808
2024-01-04 00:40:00,25.737201658240405,1014.5786263346774,9.902663181337317
2024-01-04 00:45:00,23.992420831792128,1019.073985284472,9.402431364233033
2024-01-04 00:50:00,21.37592219774076,1016.2026679581552,8.798696650232166
2024-01-04 00:55:00,26.383762289710173,1019.6745162392173,10.629749878398675
2024-01-04 01:00:00,27.14282260377498,1023.1002455346483,10.966760462608947
2024-01-04 01:05:00,25.66114678525087,1021.1697409176182,11.754775544846584
2024-01-04 01:10:00,28.537543566518842,1010.53928242402,8.645981641501596
2024-01-04 01:15:00,23.893615633130228,1016.5182080789659,10.159158945332106
2024-01-04 01:20:00,24.587038029646305,1015.8024069940246,8.529194918326732
2024-01-04 01:25:00,25.28233859738308,1018.5922882242394,10.549315644558229
2024-01-04 01:30:00,26.38361964366746,1020.9868639497626,9.933856715126334
2024-01-04 01:35:00,23.693816677299328,1018.9475752133252,11.171120631033927
2024-01-04 01:40:00,26.116583349511593,962.1981449970878,10.001379651007985
2024-01-04 01:45:00,22.446454095737828,1013.8888946146494,10.054076819846971
2024-01-04 01:50:00,25.190313045364928,1009.2572693268963,10.750286910080948
2024-01-04 01:55:00,26.19846389422593,1006.3199581668227,9.610837682914033
2024-01-04 02:00:00,25.186159745078893,1010.3284349886192,10.637371977587794
2024-01-04 02:05:00,24.866234923085724,1013.8453626472759,9.599290692516927
2024-01-04 02:10:00,21.01356235317877,1002.7482583921877,10.589609546692028
2024-01-04 02:15:00,25.533824152978788,1015.1933110317555,10.134472842062912
2024-01-04 02:20:00,25.42913480674703,1017.8451168680939,10.444619372401412
2024-01-04 02:25:00,27.081818700612224,1013.857309206133,9.699618259480228
2024-01-04 02:30:00,25.38840572431249,1008.8191105925636,9.62015307108809
2024-01-04 02:35:00,40.35514261728007,1013.8215916595051,9.89358111999701
2024-01-04 02:40:00,37.738769330124946,1016.1135561195014,10.62952958422181
2024-01-04 02:45:00,23.391368480680015,1009.9839605194119,9.363474276824398
2024-01-04 02:50:00,11.732639900524113,1021.0382046055811,10.582167044480059
2024-01-04 02:55:00,10.314324699737636,1012.0878950142379,9.515371235996035
2024-01-04 03:00:00,20.96958802328917,1006.7429306375789,10.729911492882874
2024-01-04 03:05:00,25.630683717801308,1015.4682678265305,8.154420364675838
2024-01-04 03:10:00,24.20836875979467,1019.8363640314104,9.903972594680647
2024-01-04 03:15:00,22.45541053075203,1012.4419883457855,9.22898258163475
2024-01-04 03:20:00,25.667358119890793,1013.1027268944385,10.543296664082291
2024-01-04 03:25:00,22.564152746469773,1010.7564171566745,11.09043434139911
2024-01-04 03:30:00,22.291439891129038,1007.9844399198001,10.199297309992064
2024-01-04 03:35:00,25.573459678167584,1010.5557507862861,9.72156711736115
2024-01-04 03:40:00,26.066451123111282,1017.2481750087993,8.93077833471024
2024-01-04 03:45:00,25.7286390412559,1020.5600800000286,9.884107938638868
2024-01-04 03:50:00,22.84032169242296,1007.3695404558639,9.839262558688135
2024-01-04 03:55:00,27.071694609735236,1012.7962207507669,10.189231979905928
2024-01-04 04:00:00,23.00731663565239,1017.9155881648827,8.854341428834646
2024-01-04 04:05:00,23.991007031456732,1016.1495743102315,7.9605685016800685
2024-01-04 04:10:00,25.347922299371415,1007.804632168041,10.016549398909113
2024-01-04 04:15:00,24.295888784576128,1023.5291741267424,9.606878810800094
2024-01-04 04:20:00,28.685302745766684,1015.9347614559168,9.198541029270272
2024-01-04 04:25:00,25.661621850519513,1011.4779512683109,10.242157490741233
2024-01-04 04:30:00,23.572218025133466,1021.4508881667298,10.925398090796724
2024-01-04 04:35:00,25.063563136323182,1021.6455738403477,10.074279244082849
2024-01-04 04:40:00,27.19524992972233,1013.1915029376121,10.393887594810579
2024-01-04 04:45:00,24.83712243811444,1013.4765067693697,10.170531860388
2024-01-04 04:50:00,8.660536335023213,1010.9946566653846,9.783244983513828
2024-01-04 04:55:00,25.459422033604593,1009.9606236966209,9.460877296851022
2024-01-04 05:00:00,23.903462410149846,1017.1666695589015,8.89513720693748
2024-01-04 05:05:00,25.441082854027734,1019.0897957615277,9.486803635486604
2024-01-04 05:10:00,23.564162218504798,1011.8473768740987,11.17972520836071
2024-01-04 05:15:00,25.388215261906716,1010.343928526962,10.483876651188039
2024-01-04 05:20:00,22.795415700327155,1016.4067975522147,10.408607307701768
2024-01-04 05:25:00,24.384383057722232,1008.8070710077639,9.113319077716543
2024-01-04 05:30:00,11.06963467269182,1019.1449025124454,9.362692252971206
2024-01-04 05:35:00,25.91677340710297,1056.090023387034,10.249901709117728
2024-01-04 05:40:00,26.65825965467223,1012.8633403294696,9.343804045111558
2024-01-04 05:45:00,23.534214228545547,1012.6521089553938,10.8899875622171
2024-01-04 05:50:00,28.182038611550233,1011.9711570098517,9.955256819237402
2024-01-04 05:55:00,22.572116587685233,1022.6959628454973,23.59899716184392
2024-01-04 06:00:00,24.653357691498904,1016.0365368168002,9.783588825007412
2024-01-04 06:05:00,28.7051294575501,1018.654917365676,10.750278144199514
2024-01-04 06:10:00,25.262838688082702,1010.9626141429256,10.70132500456776
2024-01-04 06:15:00,22.745805096306082,1020.6718176672051,9.822363294614627
2024-01-04 06:20:00,25.610213466481458,1008.4519946190336,10.722986263119221
2024-01-04 06:25:00,24.092516774323343,1016.2461439515255,10.757393468977389
2024-01-04 06:30:00,23.704735772822918,1007.3823543954301,11.531899916544544
2024-01-04 06:35:00,24.615401931941836,1014.1242440802282,10.485464524646742
2024-01-04 06:40:00,22.49259974020356,1015.3133306840995,10.099126536154637
2024-01-04 06:45:00,38.712938604591216,1007.2173200758114,10.60588554795727
2024-01-04 06:50:00,26.371015477580407,1022.243044166482,9.824436054500785
2024-01-04 06:55:00,26.337309609515813,1013.4903376976947,11.295871781863013
2024-01-04 07:00:00,23.56233522478254,1016.7250265643864,9.805302703883319
2024-01-04 07:05:00,24.871623645783004,963.4587624222419,10.252240396426677
2024-01-04 07:10:00,27.416901016036306,1021.5141350300464,8.904566542705414
2024-01-04 07:15:00,26.092147026274223,1017.3675821223487,8.507731213340136
2024-01-04 07:20:00,25.321957894358,1025.6675808267325,10.677146866357631
2024-01-04 07:25:00,24.509398917334938,1010.199067373909,7.977538415279105
2024-01-04 07:30:00,25.940947312233465,1022.7390839362715,9.186456245602079
2024-01-04 07:35:00,21.128830640965877,1009.6788790932338,10.881599745978209
2024-01-04 07:40:00,24.14299999035583,1008.8976595354345,10.01915491505786
2024-01-04 07:45:00,25.45940149433571,1006.0580492961416,24.782716303063175
2024-01-04 07:50:00,22.809198193981526,1014.4919592328315,9.944801765712624
2024-01-04 07:55:00,25.969757363064264,1004.7548328232534,10.009880609829763
2024-01-04 08:00:00,44.15127508433167,1011.138637578572,10.824749006572297
2024-01-04 08:05:00,26.632013697548846,1010.2222891921228,9.128321921163115
2024-01-04 08:10:00,24.608642882246095,1020.3936180473395,24.60503780350343
2024-01-04 08:15:00,26.15067772823117,1017.660957821302,9.763444712781054
2024-01-04 08:20:00,27.27124029436589,1007.4685324379418,9.175485838472326
2024-01-04 08:25:00,23.7828205535206,1010.35511145968,8.943442357239746
2024-01-04 08:30:00,27.44616613419065,1011.7057279981508,10.352504968356879
2024-01-04 08:35:00,23.85929726717264,953.8969834972575,10.270057358391423
2024-01-04 08:40:00,26.551534434806353,1019.8603071197484,8.194442738582985
2024-01-04 08:45:00,27.747615654854208,1010.9447110406647,9.869050777815527
2024-01-04 08:50:00,23.17522509497522,1013.9423386453313,10.066814883177406
2024-01-04 08:55:00,27.1538456505857,1009.2930336168487,11.660802401937909
2024-01-04 09:00:00,26.329428172617778,1013.4548448838771,9.81921563610451
2024-01-04 09:05:00,24.3868611057323,961.7932811279675,10.168401956935474
2024-01-04 09:10:00,22.94380718435614,1012.5144089946243,10.148910075846372
2024-01-04 09:15:00,23.641118154136574,1015.1167097430429,12.08076590403919
2024-01-04 09:20:00,21.511338561443484,1015.9112223878188,9.93402537910919
2024-01-04 09:25:00,25.901311110669308,1010.8464264976985,9.853940114952833
2024-01-04 09:30:00,25.259000902016197,1011.4918305823237,8.479458682630101
2024-01-04 09:35:00,24.532169938711093,1005.917831859019,10.65319311058031
2024-01-04 09:40:00,21.268909797843754,1018.1432718972794,10.42956300020348
2024-01-04 09:45:00,25.86677723146779,1002.1784506607607,9.671400561908444
2024-01-04 09:50:00,27.30712685731972,1010.4069601048485,8.921937850036286
2024-01-04 09:55:00,23.726659809988575,1012.6586118868033,9.14862954968719
2024-01-04 10:00:00,27.467634464178587,1012.676662350048,9.444430652052072
2024-01-04 10:05:00,22.397312946328842,1015.4222330263947,10.461666294711364
2024-01-04 10:10:00,23.415582187630616,1001.8183548584293,10.410762189575884
2024-01-04 10:15:00,24.626393217477997,1014.6803558396283,11.957174533639638
2024-01-04 10:20:00,24.94633631258188,1010.4308069157861,8.85267803235166
2024-01-04 10:25:00,24.3751564170099,1013.8028867480782,10.05330742059876
2024-01-04 10:30:00,13.446930680134205,1015.4954278273298,9.86519912849279
2024-01-04 10:35:00,23.586878842333054,1020.7512483638608,10.069702314731822
2024-01-04 10:40:00,25.15247645536315,1012.1010027742424,8.77601793325683
2024-01-04 10:45:00,26.351393898788775,1015.0472526096281,10.168691325339433
2024-01-04 10:50:00,24.767353921447484,1011.5384017533086,10.912483389547415
2024-01-04 10:55:00,24.71741387358781,1062.6796948073306,10.529893154883773
2024-01-04 11:00:00,28.469873151673617,1008.716139530866,9.444453220513134
2024-01-04 11:05:00,25.408778063205954,1006.9892523696195,9.604319288243737
2024-01-04 11:10:00,25.63490652250035,1011.3356979780874,29.906613141100053
2024-01-04 11:15:00,23.94133577510326,1022.2558297097336,10.161017885504455
